{
  "resources": [
    "sounds.webm",
    "sounds.mp3"
  ],
  "spritemap": {
    "angry": {
      "start": 0,
      "end": 0.9623356009070295,
      "loop": false
    },
    "sad": {
      "start": 2,
      "end": 3.4571655328798183,
      "loop": false
    },
    "happy": {
      "start": 5,
      "end": 6.3750113378684805,
      "loop": false
    },
    "neutral": {
      "start": 8,
      "end": 8.821950113378685,
      "loop": false
    },
    "sound1": {
      "start": 10,
      "end": 10.536303854875284,
      "loop": false
    },
    "sound2": {
      "start": 12,
      "end": 12.78047619047619,
      "loop": false
    },
    "sound3": {
      "start": 14,
      "end": 14.675034013605442,
      "loop": false
    },
    "sound4": {
      "start": 16,
      "end": 16.605804988662133,
      "loop": false
    },
    "surprised": {
      "start": 18,
      "end": 18.987142857142857,
      "loop": false
    }
  }
}